Round,Accuracy
1,0.6943
2,0.8996999999999999
3,0.9663999999999999
4,0.9747999999999999
5,0.9835
6,0.9853
7,0.9888999999999999
8,0.9888
9,0.9891
10,0.9892
