Round,Accuracy
1,0.8092
2,0.8974
3,0.9507
4,0.9732
5,0.977
6,0.9793
7,0.9843
8,0.9850999999999999
9,0.9869999999999999
10,0.9882
